source	path	reason	files	bytes
expresso	.DS_Store	macOS metadata	1	10244
expresso	example/out/	generated directory: out	7	5581
expresso	internet2/out/	generated directory: out	4	20984
sre	c2s/bgp/bics/out/	generated directory: out	233	6519625
sre	c2s/bgp/bics/single_prefix_out/	generated directory: single_prefix_out	199	36215646
sre	c2s/bgp/bics/single_property_out/	generated directory: single_property_out	1	2101
sre	c2s/bgp/columbus/out/	generated directory: out	990	50709680
sre	c2s/bgp/columbus/single_prefix_out/	generated directory: single_prefix_out	88	2327301
sre	c2s/bgp/columbus/tmp/	generated directory: tmp	378	6929630
sre	c2s/bgp/uscarrier/out/	generated directory: out	1784	391446486
sre	c2s/bgp/uscarrier/single_prefix_out/	generated directory: single_prefix_out	707	6533943
sre	c2s/bgp/uscarrier/tmp/	generated directory: tmp	726	44740608
sre	c2s/ospf/bics/out/	generated directory: out	126	10943697
sre	c2s/ospf/bics/tmp/	generated directory: tmp	35	4794
sre	c2s/ospf/columbus/out/	generated directory: out	89	26435908
sre	c2s/ospf/uscarrier/out/	generated directory: out	499	70988880
sre	differential/bics/base/single_prefix_out/	generated directory: single_prefix_out	50	94088
sre	differential/bics/mp/single_prefix_out/	generated directory: single_prefix_out	50	94779
sre	differential/campus/010316-1/out/	generated directory: out	1487	274156026
sre	differential/campus/010316-2/out/	generated directory: out	118	81088888
sre	differential/campus/010316/out/	generated directory: out	8	1385457889
sre	differential/campus/010422/out/	generated directory: out	13	1967048465
sre	differential/campus/010514/out/	generated directory: out	10	17801518
sre	differential/campus/010613/out/	generated directory: out	10	19015926
sre	differential/campus/011213/out/	generated directory: out	10	18020406
sre	differential/campus/011314/out/	generated directory: out	15	27922721
sre	differential/campus/011815/out/	generated directory: out	15	24499422
sre	differential/campus/012117/out/	generated directory: out	15	21241503
sre	differential/campus/012512/out/	generated directory: out	15	23549138
sre	differential/campus/012614/out/	generated directory: out	15	19491667
sre	differential/campus/012716/out/	generated directory: out	15	19215091
sre	differential/campus/012818/out/	generated directory: out	15	26751623
sre	differential/campus/013112/out/	generated directory: out	15	20046652
sre	differential/campus/020112/out/	generated directory: out	15	19272545
sre	differential/campus/020417/out/	generated directory: out	15	25354036
sre	differential/campus/020611/out/	generated directory: out	15	18925499
sre	differential/campus/020815/out/	generated directory: out	15	19703594
sre	differential/campus/020915/out/	generated directory: out	15	23678139
sre	differential/campus/021011/out/	generated directory: out	15	26441630
sre	differential/campus/021119/out/	generated directory: out	15	25824119
sre	differential/campus/021421/out/	generated directory: out	15	23129307
sre	differential/campus/021515/out/	generated directory: out	15	21542739
sre	differential/campus/021614/out/	generated directory: out	15	21373133
sre	differential/campus/021718/out/	generated directory: out	15	18354144
sre	differential/campus/021814/out/	generated directory: out	15	25375408
sre	differential/campus/022114/out/	generated directory: out	15	23878494
sre	differential/campus/022216/out/	generated directory: out	15	20395594
sre	differential/campus/022315/out/	generated directory: out	15	19305448
sre	differential/campus/022415/out/	generated directory: out	15	20071038
sre	differential/campus/030115/out/	generated directory: out	15	22788383
sre	differential/campus/030212/out/	generated directory: out	15	23054395
sre	differential/campus/030320/out/	generated directory: out	15	23903975
sre	differential/campus/030412/out/	generated directory: out	15	23905302
sre	differential/campus/030511/out/	generated directory: out	15	17903706
sre	differential/campus/030718/out/	generated directory: out	15	16577324
sre	differential/campus/030813/out/	generated directory: out	15	17587084
sre	differential/campus/031117/out/	generated directory: out	15	14055150
sre	differential/campus/031215/out/	generated directory: out	15	16869505
sre	differential/campus/031419/out/	generated directory: out	15	15001931
sre	differential/campus/031511/out/	generated directory: out	15	14401445
sre	differential/campus/031609/out/	generated directory: out	15	17283861
sre	differential/campus/031619/out/	generated directory: out	15	18599417
sre	differential/campus/031713/out/	generated directory: out	15	14388747
sre	differential/campus/031802/out/	generated directory: out	15	15246698
sre	differential/campus/032111/out/	generated directory: out	15	17161983
sre	differential/campus/032311/out/	generated directory: out	15	14564586
sre	differential/campus/032513/out/	generated directory: out	15	14969941
sre	differential/campus/032819/out/	generated directory: out	15	16184275
sre	differential/campus/033115/out/	generated directory: out	15	17601015
sre	differential/campus/040412/041212/out/	generated directory: out	12	8262682
sre	differential/campus/040412/041312/out/	generated directory: out	12	9950523
sre	differential/campus/040412/041413/out/	generated directory: out	12	12381284
sre	differential/campus/040412/041511/out/	generated directory: out	10	7751527
sre	differential/campus/040412/041811/out/	generated directory: out	10	6529937
sre	differential/campus/040412/041913/out/	generated directory: out	10	8441571
sre	differential/campus/040412/042010/out/	generated directory: out	10	10004471
sre	differential/campus/040412/out/	generated directory: out	15	16119283
sre	differential/campus/040419/out/	generated directory: out	15	13854022
sre	differential/campus/040513/out/	generated directory: out	15	16871901
sre	differential/campus/040619/out/	generated directory: out	15	14742484
sre	differential/campus/040713/out/	generated directory: out	15	13166197
sre	differential/campus/040818/out/	generated directory: out	15	16794071
sre	differential/campus/041111/out/	generated directory: out	15	16618959
sre	differential/campus/041117/out/	generated directory: out	15	15264618
sre	differential/campus/041212/out/	generated directory: out	24	28543834
sre	differential/campus/041312/out/	generated directory: out	24	26539749
sre	differential/campus/041413/out/	generated directory: out	22	27001746
sre	differential/campus/041511/out/	generated directory: out	22	26602857
sre	differential/campus/041811/out/	generated directory: out	22	24271951
sre	differential/campus/041913/out/	generated directory: out	22	26199776
sre	differential/campus/042010/out/	generated directory: out	22	24146657
sre	differential/campus/042211/out/	generated directory: out	15	17378532
sre	differential/campus/042615/out/	generated directory: out	15	13815563
sre	differential/campus/042716/out/	generated directory: out	15	15795357
sre	exp/fattree/bgp/bgp_fattree04/out/	generated directory: out	104	110021
sre	exp/fattree/bgp/bgp_fattree04/single_prefix_out/	generated directory: single_prefix_out	46	114106
sre	exp/fattree/bgp/bgp_fattree08/out/	generated directory: out	339	1641452
sre	exp/fattree/bgp/bgp_fattree08/single_prefix_out/	generated directory: single_prefix_out	5	5279
sre	exp/fattree/bgp/bgp_fattree12/out/	generated directory: out	741	2044536
sre	exp/fattree/bgp/bgp_fattree16/out/	generated directory: out	964	1813241
sre	exp/fattree/bgp/bgp_fattree16/single_prefix_out/	generated directory: single_prefix_out	1	542
sre	exp/fattree/bgp/bgp_fattree20/out/	generated directory: out	1505	3323825
sre	exp/fattree/ospf/ospf_fattree04/out/	generated directory: out	5	3159
sre	exp/fattree/ospf/ospf_fattree08/out/	generated directory: out	7	232473
sre	exp/fattree/ospf/ospf_fattree12/out/	generated directory: out	2	3347980
sre	exp/zoo/AsnetAm/out/	generated directory: out	219	7573867
sre	exp/zoo/AsnetAm/single_out/	generated directory: single_out	1	1362
sre	exp/zoo/AttMpls/out/	generated directory: out	3	4800
sre	exp/zoo/Bellcanada/out/	generated directory: out	2	9171
sre	exp/zoo/Bellsouth/out/	generated directory: out	2	10290
sre	exp/zoo/BeyondTheNetwork/out/	generated directory: out	2	10937
sre	exp/zoo/BtNorthAmerica/out/	generated directory: out	2	6205
sre	exp/zoo/Cernet/out/	generated directory: out	2	7400
sre	exp/zoo/Cesnet200706/out/	generated directory: out	2	8592
sre	exp/zoo/Cesnet201006/out/	generated directory: out	2	10572
sre	exp/zoo/Chinanet/out/	generated directory: out	2	7958
sre	exp/zoo/Cogentco/out/	generated directory: out	2	383
sre	exp/zoo/Colt/out/	generated directory: out	3	45850
sre	exp/zoo/Columbus/out/	generated directory: out	2	14959
sre	exp/zoo/Cudi/out/	generated directory: out	2	11215
sre	exp/zoo/Deltacom/out/	generated directory: out	3	31268
sre	exp/zoo/Dfn/out/	generated directory: out	3	12674
sre	exp/zoo/Esnet/out/	generated directory: out	2	14138
sre	exp/zoo/Forthnet/out/	generated directory: out	2	12263
sre	exp/zoo/Garr200902/out/	generated directory: out	2	10391
sre	exp/zoo/Garr200908/out/	generated directory: out	2	10909
sre	exp/zoo/Garr200912/out/	generated directory: out	2	11332
sre	exp/zoo/Garr201001/out/	generated directory: out	2	10349
sre	exp/zoo/Garr201003/out/	generated directory: out	2	10258
sre	exp/zoo/Garr201004/out/	generated directory: out	2	10540
sre	exp/zoo/Garr201005/out/	generated directory: out	2	10723
sre	exp/zoo/Garr201007/out/	generated directory: out	2	10960
sre	exp/zoo/Garr201008/out/	generated directory: out	2	10635
sre	exp/zoo/Garr201010/out/	generated directory: out	2	10870
sre	exp/zoo/Garr201012/out/	generated directory: out	2	11032
sre	exp/zoo/Garr201102/out/	generated directory: out	2	10989
sre	exp/zoo/Garr201103/out/	generated directory: out	2	12027
sre	exp/zoo/Garr201104/out/	generated directory: out	2	11462
sre	exp/zoo/Garr201105/out/	generated directory: out	2	11672
sre	exp/zoo/Garr201107/out/	generated directory: out	2	11885
sre	exp/zoo/Garr201108/out/	generated directory: out	2	11412
sre	exp/zoo/Garr201109/out/	generated directory: out	2	11729
sre	exp/zoo/Garr201110/out/	generated directory: out	2	11624
sre	exp/zoo/Garr201111/out/	generated directory: out	2	11678
sre	exp/zoo/Garr201201/out/	generated directory: out	2	12412
sre	exp/zoo/Geant2009/out/	generated directory: out	2	6383
sre	exp/zoo/Geant2010/out/	generated directory: out	2	6615
sre	exp/zoo/Geant2012/out/	generated directory: out	2	7241
sre	exp/zoo/Globenet/out/	generated directory: out	2	14185
sre	exp/zoo/GtsCe/out/	generated directory: out	4	37131
sre	exp/zoo/HiberniaGlobal/out/	generated directory: out	2	10912
sre	exp/zoo/Highwinds/out/	generated directory: out	44	374204
sre	exp/zoo/Iij/out/	generated directory: out	2	7159
sre	exp/zoo/Intellifiber/out/	generated directory: out	2	15022
sre	exp/zoo/Internode/out/	generated directory: out	3	14377
sre	exp/zoo/Interoute/out/	generated directory: out	2	25747
sre	exp/zoo/Intranetwork/out/	generated directory: out	2	7394
sre	exp/zoo/Ion/out/	generated directory: out	2	30045
sre	exp/zoo/Iris/out/	generated directory: out	2	10267
sre	exp/zoo/Latnet/out/	generated directory: out	2	13623
sre	exp/zoo/Missouri/out/	generated directory: out	2	14261
sre	exp/zoo/Palmetto/out/	generated directory: out	2	8429
sre	exp/zoo/Pern/out/	generated directory: out	2	29274
sre	exp/zoo/PionierL3/out/	generated directory: out	2	7424
sre	exp/zoo/RedBestel/out/	generated directory: out	3	23720
sre	exp/zoo/Renater2010/out/	generated directory: out	2	8244
sre	exp/zoo/Roedunet/out/	generated directory: out	2	8216
sre	exp/zoo/RoedunetFibre/out/	generated directory: out	2	9730
sre	exp/zoo/Sinet/out/	generated directory: out	2	14790
sre	exp/zoo/Surfnet/out/	generated directory: out	2	9908
sre	exp/zoo/Switch/out/	generated directory: out	2	16077
sre	exp/zoo/SwitchL3/out/	generated directory: out	2	7988
sre	exp/zoo/Syringa/out/	generated directory: out	2	15738
sre	exp/zoo/TataNld/out/	generated directory: out	2	31039
sre	exp/zoo/Tinet/out/	generated directory: out	2	10812
sre	exp/zoo/Ulaknet/out/	generated directory: out	2	16565
sre	exp/zoo/Uninett2010/out/	generated directory: out	2	14789
sre	exp/zoo/Uninett2011/out/	generated directory: out	2	13991
sre	exp/zoo/UsCarrier/out/	generated directory: out	3	38866
sre	exp/zoo/Uunet/out/	generated directory: out	2	9241
sre	exp/zoo/VtlWavenet2008/out/	generated directory: out	2	19290
sre	exp/zoo/VtlWavenet2011/out/	generated directory: out	4	25070
sre	netdice/demo/out/	generated directory: out	59	58034
sre	netdice/example/out/	generated directory: out	31	21839
sre	netdice/example/tmp/	generated directory: tmp	48	36848
sre	netdice/zoo/AsnetAm/out/	generated directory: out	495	4760823
sre	netdice/zoo/AsnetAm/tmp/	generated directory: tmp	608	3995516
sre	netdice/zoo/AttMpls/out/	generated directory: out	200	1368175
sre	netdice/zoo/AttMpls/tmp/	generated directory: tmp	245	844036
sre	netdice/zoo/Bellcanada/out/	generated directory: out	250	5090212
sre	netdice/zoo/Bellcanada/tmp/	generated directory: tmp	340	4092639
sre	netdice/zoo/Bellsouth/out/	generated directory: out	256	1496277
sre	netdice/zoo/Bellsouth/tmp/	generated directory: tmp	66	37706
sre	netdice/zoo/BeyondTheNetwork/out/	generated directory: out	268	2991662
sre	netdice/zoo/BeyondTheNetwork/tmp/	generated directory: tmp	66	30563
sre	netdice/zoo/BtNorthAmerica/out/	generated directory: out	202	1915851
sre	netdice/zoo/BtNorthAmerica/tmp/	generated directory: tmp	66	32426
sre	netdice/zoo/Cernet/out/	generated directory: out	200	2347367
sre	netdice/zoo/Cernet/tmp/	generated directory: tmp	66	31396
sre	netdice/zoo/Cesnet200706/out/	generated directory: out	226	1374333
sre	netdice/zoo/Cesnet200706/tmp/	generated directory: tmp	66	28542
sre	netdice/zoo/Cesnet201006/out/	generated directory: out	258	2728334
sre	netdice/zoo/Cesnet201006/tmp/	generated directory: tmp	66	27031
sre	netdice/zoo/Chinanet/out/	generated directory: out	226	1353830
sre	netdice/zoo/Chinanet/tmp/	generated directory: tmp	66	28114
sre	netdice/zoo/Cogentco/out/	generated directory: out	2	53777
sre	netdice/zoo/Cogentco/tmp/	generated directory: tmp	198	173849
sre	netdice/zoo/Colt/out/	generated directory: out	2	17650
sre	netdice/zoo/Colt/tmp/	generated directory: tmp	198	191439
sre	netdice/zoo/Columbus/out/	generated directory: out	326	14711334
sre	netdice/zoo/Columbus/tmp/	generated directory: tmp	198	226206
sre	netdice/zoo/Cudi/out/	generated directory: out	264	1127560
sre	netdice/zoo/Cudi/tmp/	generated directory: tmp	198	266679
sre	netdice/zoo/Deltacom/out/	generated directory: out	2	50209
sre	netdice/zoo/Deltacom/tmp/	generated directory: tmp	198	262460
sre	netdice/zoo/Dfn/out/	generated directory: out	278	5383075
sre	netdice/zoo/Esnet/out/	generated directory: out	322	11769112
sre	netdice/zoo/Esnet/tmp/	generated directory: tmp	198	266034
sre	netdice/zoo/Forthnet/out/	generated directory: out	290	713740
sre	netdice/zoo/Forthnet/tmp/	generated directory: tmp	198	273739
sre	netdice/zoo/Garr200902/out/	generated directory: out	282	4431787
sre	netdice/zoo/Garr200902/tmp/	generated directory: tmp	198	269003
sre	netdice/zoo/Garr200908/out/	generated directory: out	278	3623160
sre	netdice/zoo/Garr200908/tmp/	generated directory: tmp	198	274891
sre	netdice/zoo/Garr200909/out/	generated directory: out	292	3761032
sre	netdice/zoo/Garr200909/tmp/	generated directory: tmp	198	271947
sre	netdice/zoo/Garr200912/out/	generated directory: out	274	3677262
sre	netdice/zoo/Garr200912/tmp/	generated directory: tmp	198	272299
sre	netdice/zoo/Garr201001/out/	generated directory: out	274	3648431
sre	netdice/zoo/Garr201001/tmp/	generated directory: tmp	198	272093
sre	netdice/zoo/Garr201003/out/	generated directory: out	266	5362295
sre	netdice/zoo/Garr201003/tmp/	generated directory: tmp	198	278696
sre	netdice/zoo/Garr201004/out/	generated directory: out	274	5206969
sre	netdice/zoo/Garr201004/tmp/	generated directory: tmp	198	275449
sre	netdice/zoo/Garr201005/out/	generated directory: out	284	5140307
sre	netdice/zoo/Garr201005/tmp/	generated directory: tmp	198	281777
sre	netdice/zoo/Garr201007/out/	generated directory: out	264	4629073
sre	netdice/zoo/Garr201007/tmp/	generated directory: tmp	198	278799
sre	netdice/zoo/Garr201008/out/	generated directory: out	284	4879801
sre	netdice/zoo/Garr201008/tmp/	generated directory: tmp	198	291315
sre	netdice/zoo/Garr201010/out/	generated directory: out	282	6432527
sre	netdice/zoo/Garr201010/tmp/	generated directory: tmp	198	290961
sre	netdice/zoo/Garr201012/out/	generated directory: out	270	6205124
sre	netdice/zoo/Garr201012/tmp/	generated directory: tmp	198	287876
sre	netdice/zoo/Garr201101/out/	generated directory: out	282	8922213
sre	netdice/zoo/Garr201101/tmp/	generated directory: tmp	198	287912
sre	netdice/zoo/Garr201102/out/	generated directory: out	296	7051776
sre	netdice/zoo/Garr201102/tmp/	generated directory: tmp	198	300613
sre	netdice/zoo/Garr201103/out/	generated directory: out	286	8313216
sre	netdice/zoo/Garr201103/tmp/	generated directory: tmp	198	294501
sre	netdice/zoo/Garr201104/out/	generated directory: out	304	7646383
sre	netdice/zoo/Garr201104/tmp/	generated directory: tmp	198	294594
sre	netdice/zoo/Garr201105/out/	generated directory: out	272	7522990
sre	netdice/zoo/Garr201105/tmp/	generated directory: tmp	198	294587
sre	netdice/zoo/Garr201107/out/	generated directory: out	296	9053519
sre	netdice/zoo/Garr201107/tmp/	generated directory: tmp	198	300984
sre	netdice/zoo/Garr201108/out/	generated directory: out	308	7739721
sre	netdice/zoo/Garr201108/tmp/	generated directory: tmp	198	297827
sre	netdice/zoo/Garr201109/out/	generated directory: out	292	10003876
sre	netdice/zoo/Garr201109/tmp/	generated directory: tmp	198	297839
sre	netdice/zoo/Garr201110/out/	generated directory: out	300	8187756
sre	netdice/zoo/Garr201110/tmp/	generated directory: tmp	198	297896
sre	netdice/zoo/Garr201111/out/	generated directory: out	314	10870251
sre	netdice/zoo/Garr201111/tmp/	generated directory: tmp	198	311055
sre	netdice/zoo/Garr201112/out/	generated directory: out	147	18441143
sre	netdice/zoo/Garr201201/out/	generated directory: out	153	14650784
sre	netdice/zoo/Garr201201/tmp/	generated directory: tmp	198	301464
sre	netdice/zoo/Geant2009/out/	generated directory: out	186	2485150
sre	netdice/zoo/Geant2009/tmp/	generated directory: tmp	198	302104
sre	netdice/zoo/Geant2010/out/	generated directory: out	196	3185109
sre	netdice/zoo/Geant2010/tmp/	generated directory: tmp	198	301856
sre	netdice/zoo/Geant2012/out/	generated directory: out	230	3510560
sre	netdice/zoo/Geant2012/tmp/	generated directory: tmp	198	301512
sre	netdice/zoo/Globenet/out/	generated directory: out	153	20106929
sre	netdice/zoo/Globenet/tmp/	generated directory: tmp	198	299318
sre	netdice/zoo/GtsCe/out/	generated directory: out	2	9678
sre	netdice/zoo/GtsCe/tmp/	generated directory: tmp	198	201063
sre	netdice/zoo/HiberniaGlobal/out/	generated directory: out	260	28979532
sre	netdice/zoo/Highwinds/out/	generated directory: out	52	4949278
sre	netdice/zoo/Highwinds/tmp/	generated directory: tmp	198	203045
sre	netdice/zoo/Iij/out/	generated directory: out	99	552367
sre	netdice/zoo/Iij/tmp/	generated directory: tmp	198	202524
sre	netdice/zoo/Intellifiber/out/	generated directory: out	167	23347530
sre	netdice/zoo/Intellifiber/tmp/	generated directory: tmp	198	203056
sre	netdice/zoo/Internode/out/	generated directory: out	160	1745844
sre	netdice/zoo/Internode/tmp/	generated directory: tmp	198	202366
sre	netdice/zoo/Interoute/out/	generated directory: out	2	797
sre	netdice/zoo/Interoute/tmp/	generated directory: tmp	1	0
sre	netdice/zoo/Intranetwork/out/	generated directory: out	105	2892625
sre	netdice/zoo/Ion/out/	generated directory: out	247	22033681
sre	netdice/zoo/Iris/out/	generated directory: out	127	2167414
sre	netdice/zoo/Kdl/out/	generated directory: out	939	199958
sre	netdice/zoo/Kdl/tmp/	generated directory: tmp	1	0
sre	netdice/zoo/Latnet/out/	generated directory: out	175	984814
sre	netdice/zoo/Missouri/out/	generated directory: out	165	5895706
sre	netdice/zoo/Palmetto/out/	generated directory: out	119	2724707
sre	netdice/zoo/Pern/out/	generated directory: out	265	3569992
sre	netdice/zoo/PionierL3/out/	generated directory: out	94	1443198
sre	netdice/zoo/RedBestel/out/	generated directory: out	184	33421382
sre	netdice/zoo/Renater2010/out/	generated directory: out	117	1248132
sre	netdice/zoo/Roedunet/out/	generated directory: out	110	559712
sre	netdice/zoo/RoedunetFibre/out/	generated directory: out	118	1244122
sre	netdice/zoo/Sinet/out/	generated directory: out	180	1875030
sre	netdice/zoo/Surfnet/out/	generated directory: out	122	2167959
sre	netdice/zoo/Switch/out/	generated directory: out	170	15873667
sre	netdice/zoo/SwitchL3/out/	generated directory: out	110	840571
sre	netdice/zoo/Syringa/out/	generated directory: out	178	1600406
sre	netdice/zoo/TataNld/out/	generated directory: out	2	3
sre	netdice/zoo/Tinet/out/	generated directory: out	137	6483264
sre	netdice/zoo/Ulaknet/out/	generated directory: out	184	682790
sre	netdice/zoo/Uninett2010/out/	generated directory: out	166	9884889
sre	netdice/zoo/Uninett2011/out/	generated directory: out	153	7672106
sre	netdice/zoo/UsCarrier/out/	generated directory: out	2	3
sre	netdice/zoo/Uunet/out/	generated directory: out	125	1268770
sre	netdice/zoo/VtlWavenet2008/out/	generated directory: out	196	17034535
sre	netdice/zoo/VtlWavenet2011/out/	generated directory: out	204	18388206
sre	paper_example/out/	generated directory: out	10	9134
sre	parallel/bgp_bics/out16/	generated directory: out16	69	242069
sre	parallel/bgp_bics/out2/	generated directory: out2	5	3753
sre	parallel/bgp_bics/out24/	generated directory: out24	89	257664
sre	parallel/bgp_bics/out32/	generated directory: out32	129	288849
sre	parallel/bgp_bics/out8/	generated directory: out8	39	216724
sre	parallel/bgp_columbus/out16/	generated directory: out16	79	655730
sre	parallel/bgp_columbus/out24/	generated directory: out24	114	683050
sre	parallel/bgp_columbus/out32/	generated directory: out32	149	709459
sre	parallel/bgp_columbus/out8/	generated directory: out8	44	628351
sre	parallel/bgp_fattree04/out_g8_c2/	generated directory: out_g8_c2	17	30225
sre	parallel/bgp_fattree08/out_g32_c2/	generated directory: out_g32_c2	65	151068
sre	parallel/bgp_uscarrier/out16/	generated directory: out16	69	2271791
sre	parallel/bgp_uscarrier/out24/	generated directory: out24	89	2285259
sre	parallel/bgp_uscarrier/out32/	generated directory: out32	118	2300125
sre	parallel/bgp_uscarrier/out8/	generated directory: out8	34	2240620
sre	parallel/ospf_fattree04/out/	generated directory: out	7	21172
sre	parallel/ospf_fattree04/out_g8_c1/	generated directory: out_g8_c1	85	142053
sre	parallel/ospf_fattree08/out/	generated directory: out	7	43090
sre	parallel/ospf_fattree12/out/	generated directory: out	2	271531
sre	parallel/ospf_fattree12/out_g72_c1/	generated directory: out_g72_c1	2	7634
sre	parallel/ospf_fattree12/out_g9_c16/	generated directory: out_g9_c16	2	31290
sre	parallel/ospf_fattree12/out_gs8_c8/	generated directory: out_gs8_c8	2	38567
sre	parallel/ospf_fattree14/out_gs1_c98/	generated directory: out_gs1_c98	2	12759
sre	parallel/ospf_fattree20/out_gs1_c200/	generated directory: out_gs1_c200	1	500
